{
  "num_epochs": 15,
  "best_val_loss": 2.1982405251603288,
  "best_epoch": 15,
  "metrics": {
    "train_loss": [
      3.59405385322796,
      3.229853494128045,
      3.158489380722197,
      3.120488779251315,
      2.453504883952905,
      2.433260346046366,
      2.4239746558059054,
      2.41580443771102,
      2.410409268263987,
      2.4076103194449017,
      2.2850762526274897,
      2.275508489988845,
      2.2696524294812965,
      2.265034080677174,
      2.2609554338291393
    ],
    "val_loss": [
      3.1409929588937664,
      3.0503631700816056,
      3.006251255565649,
      2.9778365154302215,
      2.313852544571933,
      2.3017337829481352,
      2.2966210481105875,
      2.2875039953128415,
      2.284061897784611,
      2.282294640430895,
      2.2215948038679496,
      2.2124162557088334,
      2.2081822125891613,
      2.2038555890935823,
      2.1982405251603288
    ],
    "train_ppl": [
      36.38126168529743,
      25.275953624063295,
      23.535016612634934,
      22.657451429271614,
      11.629033789759893,
      11.395976403588813,
      11.290646683124606,
      11.198775452339278,
      11.138518854613764,
      11.107386299957492,
      9.82643548697511,
      9.732866819838689,
      9.676037124304717,
      9.631452841951939,
      9.592249549715001
    ],
    "val_ppl": [
      23.12681944240012,
      21.12301427654413,
      20.211490019998465,
      19.645268400070435,
      10.113311683942634,
      9.991490522156804,
      9.940537047282037,
      9.850320525484056,
      9.816473048128914,
      9.799140134317927,
      9.222026467947428,
      9.137768926365775,
      9.099161010182264,
      9.05987741031995,
      9.009148176665216
    ],
    "learning_rate": [
      0.00020900204856451888,
      0.00014778717898200115,
      0.00012066783879233645,
      0.00010450146250569366,
      8.9157619481795e-05,
      8.535886030723262e-05,
      8.200765168924113e-05,
      7.90224952039577e-05,
      7.634126255597745e-05,
      7.391565188328261e-05,
      7.170746754704273e-05,
      6.968605446751357e-05,
      6.782648612310618e-05,
      6.610825781100129e-05,
      6.45143266842368e-05
    ]
  }
}