{
  "num_epochs": 15,
  "best_val_loss": 2.073163574410222,
  "best_epoch": 10,
  "metrics": {
    "train_loss": [
      3.679227128088146,
      2.548221317056766,
      2.374142017992739,
      2.283665748463659,
      2.224546115964015,
      2.1840725503417038,
      2.153851066970022,
      2.1284820089470755,
      2.105828875976701,
      2.0891396586911837,
      2.369879322966291,
      2.341933987562891,
      2.328771773369183,
      2.3171786918170088,
      2.3074658385687385
    ],
    "val_loss": [
      2.5615004185967405,
      2.3426609158398692,
      2.2433963839329794,
      2.1913896871885914,
      2.1564284243851786,
      2.1342028612641895,
      2.1105566055790006,
      2.093820457500232,
      2.083139681239809,
      2.073163574410222,
      2.222592769518186,
      2.219533062280893,
      2.220776596391321,
      2.2138816438128077,
      2.209352189978248
    ],
    "train_ppl": [
      39.61576432614762,
      12.78434425260692,
      10.74179296615988,
      9.81258502916564,
      9.249283748799066,
      8.882406746929574,
      8.617983003393567,
      8.40210280918043,
      8.213908500182969,
      8.07796236912825,
      10.696101432431428,
      10.401333172163989,
      10.265325640716014,
      10.147006052890884,
      10.048926758149674
    ],
    "val_ppl": [
      12.955241024610528,
      10.408896944191916,
      9.425288886321926,
      8.947638897867664,
      8.640223274042874,
      8.4503077537178,
      8.252833579672588,
      8.115862317583419,
      8.029639888922505,
      7.949933583942083,
      9.231234327387526,
      9.203032619393475,
      9.214484023004891,
      9.151169120091653,
      9.109813052933333
    ],
    "learning_rate": [
      0.0007512692145568947,
      0.0005312467461236449,
      0.00043376637507649946,
      0.0003756549619132277,
      0.0003359972261903807,
      0.0003067228387874288,
      0.0002839706577238069,
      0.00026563056999941327,
      0.00025043915443544466,
      0.00023758763372933066,
      0.0002265310692248526,
      0.0002168871051433259,
      0.00020837848689766067,
      0.0002007986140422441,
      0.00019398995782503336
    ]
  }
}