{
  "num_epochs": 15,
  "best_val_loss": 2.5428949124308184,
  "best_epoch": 15,
  "metrics": {
    "train_loss": [
      4.108970391687488,
      3.716163595635966,
      3.640449974393273,
      3.5965374230964726,
      2.8642179351635018,
      2.8422094210456557,
      2.8245176827133944,
      2.8116658170995383,
      2.80222933975994,
      2.798114400972353,
      2.655169632940593,
      2.6427391625613676,
      2.633014761758255,
      2.625156441593941,
      2.6205996560272604
    ],
    "val_loss": [
      3.6030940152820166,
      3.509817429599118,
      3.4619228834240063,
      3.4340402215348087,
      2.7040973511050463,
      2.6899150420295834,
      2.678236445872003,
      2.6606529156531704,
      2.66189548480269,
      2.6577707917560405,
      2.5776520655381043,
      2.566258441164809,
      2.5517276568862415,
      2.5483181184399437,
      2.5428949124308184
    ],
    "train_ppl": [
      60.883998616110816,
      41.10639048366283,
      38.108980933456216,
      36.471729385523396,
      17.535334072486098,
      17.153623276178493,
      16.85281462171899,
      16.637610363197645,
      16.481348370949483,
      16.4136679771061,
      14.227399290221598,
      14.05164066906762,
      13.915659124359452,
      13.806733964591633,
      13.743962764604438
    ],
    "val_ppl": [
      36.71164529732588,
      33.44216167770088,
      31.87821571045776,
      31.001643572107824,
      14.94082428345983,
      14.730424400319594,
      14.559394361782845,
      14.305626417521486,
      14.323413195934979,
      14.264455188551116,
      13.166188492288464,
      13.017029232055705,
      12.829249188028701,
      12.785581854713424,
      12.716430690358413
    ],
    "learning_rate": [
      0.00020900204856451888,
      0.00014778717898200115,
      0.00012066783879233645,
      0.00010450146250569366,
      8.9157619481795e-05,
      8.535886030723262e-05,
      8.200765168924113e-05,
      7.90224952039577e-05,
      7.634126255597745e-05,
      7.391565188328261e-05,
      7.170746754704273e-05,
      6.968605446751357e-05,
      6.782648612310618e-05,
      6.610825781100129e-05,
      6.45143266842368e-05
    ]
  }
}