{
  "num_epochs": 15,
  "best_val_loss": 2.5790130034834484,
  "best_epoch": 10,
  "metrics": {
    "train_loss": [
      4.539422851303182,
      3.2065137094321035,
      2.969944739997788,
      2.8499019637857574,
      2.774924567828806,
      2.719882434779836,
      2.683851298830161,
      2.6523595693786306,
      2.6248667558285064,
      2.6036137787800264,
      2.955756107006993,
      2.9293858152271954,
      2.9102434380679814,
      2.894975290248329,
      2.8818286009358096
    ],
    "val_loss": [
      3.258742658672951,
      2.926084991348186,
      2.793202059990052,
      2.7239826829680145,
      2.6776473337660196,
      2.6523074741353843,
      2.6268584205477126,
      2.6051071163612587,
      2.594699008311521,
      2.5790130034834484,
      2.782947879415972,
      2.7783211951373055,
      2.7660583930080826,
      2.7526229777503217,
      2.7542110302220935
    ],
    "train_ppl": [
      93.63674219751132,
      24.692849540416102,
      19.490842502271498,
      17.286087094957917,
      16.037417212827265,
      15.17853767193092,
      14.64137315434128,
      14.187475514339948,
      13.802734929554676,
      13.512481025959453,
      19.216246767102973,
      18.71613180271398,
      18.36126785457069,
      18.083054607948384,
      17.846878177899065
    ],
    "val_ppl": [
      26.016804565241898,
      18.65445499607461,
      16.33323615923214,
      15.240901209138205,
      14.550819772253767,
      14.18673643360344,
      13.830252743775985,
      13.532674795996286,
      13.392555706735791,
      13.184119056228084,
      16.16660798404692,
      16.09198295938182,
      15.895855152470123,
      15.683716017405589,
      15.708642368331693
    ],
    "learning_rate": [
      0.0007512692145568947,
      0.0005312467461236449,
      0.00043376637507649946,
      0.0003756549619132277,
      0.0003359972261903807,
      0.0003067228387874288,
      0.0002839706577238069,
      0.00026563056999941327,
      0.00025043915443544466,
      0.00023758763372933066,
      0.0002265310692248526,
      0.0002168871051433259,
      0.00020837848689766067,
      0.0002007986140422441,
      0.00019398995782503336
    ]
  }
}